id,year,name,percent,sex
1,2008,Jacob,0.010355,boy
2,2008,Michael,0.009437,boy
3,2008,Ethan,0.009301,boy
4,2008,Joshua,0.008799,boy
5,2008,Daniel,0.008702,boy
6,2008,Alexander,0.008566,boy
7,2008,Anthony,0.008442,boy
8,2008,William,0.008438,boy
9,2008,Christopher,0.008268,boy
10,2008,Matthew,0.008061,boy
11,2008,Jayden,0.007877,boy
12,2008,Andrew,0.007694,boy
13,2008,Joseph,0.00757,boy
14,2008,David,0.007467,boy
15,2008,Noah,0.007262,boy
16,2008,Aiden,0.007165,boy
17,2008,James,0.006952,boy
18,2008,Ryan,0.006754,boy
19,2008,Logan,0.006372,boy
20,2008,John,0.006102,boy
21,2008,Nathan,0.006085,boy
22,2008,Elijah,0.006042,boy
23,2008,Christian,0.005985,boy
24,2008,Gabriel,0.005974,boy
25,2008,Benjamin,0.00593,boy
26,2008,Jonathan,0.005905,boy
27,2008,Tyler,0.005838,boy
28,2008,Samuel,0.005829,boy
29,2008,Nicholas,0.005752,boy
30,2008,Gavin,0.005414,boy
31,2008,Dylan,0.005379,boy
32,2008,Jackson,0.005344,boy
33,2008,Brandon,0.005273,boy
34,2008,Caleb,0.004848,boy
35,2008,Mason,0.004821,boy
36,2008,Angel,0.004755,boy
37,2008,Isaac,0.004582,boy
38,2008,Evan,0.004566,boy
39,2008,Jack,0.004547,boy
40,2008,Kevin,0.004513,boy
41,2008,Jose,0.004513,boy
42,2008,Isaiah,0.004424,boy
43,2008,Luke,0.004323,boy
44,2008,Landon,0.004305,boy
45,2008,Justin,0.0043,boy
46,2008,Lucas,0.004273,boy
47,2008,Zachary,0.004222,boy
48,2008,Jordan,0.00417,boy
49,2008,Robert,0.004042,boy
50,2008,Aaron,0.003916,boy
51,2008,Brayden,0.003876,boy
52,2008,Thomas,0.003828,boy
53,2008,Cameron,0.003809,boy
54,2008,Hunter,0.003698,boy
55,2008,Austin,0.003674,boy
56,2008,Adrian,0.00365,boy
57,2008,Connor,0.003599,boy
58,2008,Owen,0.003589,boy
59,2008,Aidan,0.003547,boy
60,2008,Jason,0.003521,boy
61,2008,Julian,0.003424,boy
62,2008,Wyatt,0.003367,boy
63,2008,Charles,0.003339,boy
64,2008,Luis,0.003284,boy
65,2008,Carter,0.003249,boy
66,2008,Juan,0.003231,boy
67,2008,Chase,0.00322,boy
68,2008,Diego,0.003024,boy
69,2008,Jeremiah,0.003008,boy
70,2008,Brody,0.002906,boy
71,2008,Xavier,0.002885,boy
72,2008,Adam,0.0028,boy
73,2008,Carlos,0.002789,boy
74,2008,Sebastian,0.002775,boy
75,2008,Liam,0.00274,boy
76,2008,Hayden,0.002729,boy
77,2008,Nathaniel,0.002679,boy
78,2008,Henry,0.002649,boy
79,2008,Jesus,0.002649,boy
80,2008,Ian,0.002632,boy
81,2008,Tristan,0.002601,boy
82,2008,Bryan,0.00254,boy
83,2008,Sean,0.0025,boy
84,2008,Cole,0.00248,boy
85,2008,Alex,0.002479,boy
86,2008,Eric,0.002474,boy
87,2008,Brian,0.002413,boy
88,2008,Jaden,0.002383,boy
89,2008,Carson,0.002361,boy
90,2008,Blake,0.002343,boy
91,2008,Ayden,0.002329,boy
92,2008,Cooper,0.002321,boy
93,2008,Dominic,0.002284,boy
94,2008,Brady,0.002225,boy
95,2008,Caden,0.002194,boy
96,2008,Josiah,0.002175,boy
97,2008,Kyle,0.002163,boy
98,2008,Colton,0.002092,boy
99,2008,Kaden,0.002069,boy
100,2008,Eli,0.002067,boy
101,2008,Miguel,0.002039,boy
102,2008,Antonio,0.00201,boy
103,2008,Parker,0.001986,boy
104,2008,Steven,0.001941,boy
105,2008,Alejandro,0.001916,boy
106,2008,Riley,0.001895,boy
107,2008,Richard,0.001869,boy
108,2008,Timothy,0.001864,boy
109,2008,Devin,0.001841,boy
110,2008,Jesse,0.001807,boy
111,2008,Victor,0.001744,boy
112,2008,Jake,0.001741,boy
113,2008,Joel,0.001722,boy
114,2008,Colin,0.001716,boy
115,2008,Kaleb,0.001703,boy
116,2008,Bryce,0.001682,boy
117,2008,Levi,0.001682,boy
118,2008,Oliver,0.001646,boy
119,2008,Oscar,0.001642,boy
120,2008,Vincent,0.00164,boy
121,2008,Ashton,0.001615,boy
122,2008,Cody,0.001611,boy
123,2008,Micah,0.001603,boy
124,2008,Preston,0.001594,boy
125,2008,Marcus,0.001547,boy
126,2008,Max,0.001545,boy
127,2008,Patrick,0.001525,boy
128,2008,Seth,0.001505,boy
129,2008,Jeremy,0.001495,boy
130,2008,Peyton,0.00148,boy
131,2008,Nolan,0.001452,boy
132,2008,Ivan,0.001433,boy
133,2008,Damian,0.001414,boy
134,2008,Maxwell,0.001403,boy
135,2008,Alan,0.001392,boy
136,2008,Kenneth,0.001366,boy
137,2008,Jonah,0.001361,boy
138,2008,Jorge,0.001361,boy
139,2008,Mark,0.001336,boy
140,2008,Giovanni,0.001335,boy
141,2008,Eduardo,0.001324,boy
142,2008,Grant,0.001317,boy
143,2008,Collin,0.001316,boy
144,2008,Gage,0.001314,boy
145,2008,Omar,0.001313,boy
146,2008,Emmanuel,0.001311,boy
147,2008,Trevor,0.001298,boy
148,2008,Edward,0.001273,boy
149,2008,Ricardo,0.001269,boy
150,2008,Cristian,0.001247,boy
151,2008,Nicolas,0.001233,boy
152,2008,Kayden,0.001194,boy
153,2008,George,0.001174,boy
154,2008,Jaxon,0.001172,boy
155,2008,Paul,0.001171,boy
156,2008,Braden,0.001157,boy
157,2008,Elias,0.001157,boy
158,2008,Andres,0.001149,boy
159,2008,Derek,0.001146,boy
160,2008,Garrett,0.00113,boy
161,2008,Tanner,0.001118,boy
162,2008,Malachi,0.001118,boy
163,2008,Conner,0.001114,boy
164,2008,Fernando,0.001095,boy
165,2008,Cesar,0.001087,boy
166,2008,Javier,0.001085,boy
167,2008,Miles,0.001085,boy
168,2008,Jaiden,0.001078,boy
169,2008,Alexis,0.001078,boy
170,2008,Leonardo,0.001078,boy
171,2008,Santiago,0.001075,boy
172,2008,Francisco,0.001074,boy
173,2008,Cayden,0.001068,boy
174,2008,Shane,0.001057,boy
175,2008,Edwin,0.001042,boy
176,2008,Hudson,0.001034,boy
177,2008,Travis,0.001025,boy
178,2008,Bryson,0.001024,boy
179,2008,Erick,0.001024,boy
180,2008,Jace,0.001006,boy
181,2008,Hector,0.001001,boy
182,2008,Josue,0.000995,boy
183,2008,Peter,0.000995,boy
184,2008,Jaylen,0.00099,boy
185,2008,Mario,0.00099,boy
186,2008,Manuel,0.000985,boy
187,2008,Abraham,0.000983,boy
188,2008,Grayson,0.000973,boy
189,2008,Damien,0.000969,boy
190,2008,Kaiden,0.000968,boy
191,2008,Spencer,0.00096,boy
192,2008,Stephen,0.000955,boy
193,2008,Edgar,0.000951,boy
194,2008,Wesley,0.000945,boy
195,2008,Shawn,0.000944,boy
196,2008,Trenton,0.000941,boy
197,2008,Jared,0.000939,boy
198,2008,Jeffrey,0.000918,boy
199,2008,Landen,0.000908,boy
200,2008,Johnathan,0.000902,boy
201,2008,Bradley,9.00E-04,boy
202,2008,Braxton,0.000893,boy
203,2008,Ryder,0.000889,boy
204,2008,Camden,0.000889,boy
205,2008,Roman,0.000885,boy
206,2008,Asher,0.000866,boy
207,2008,Brendan,0.000865,boy
208,2008,Maddox,0.000854,boy
209,2008,Sergio,0.00085,boy
210,2008,Israel,0.00084,boy
211,2008,Andy,0.000835,boy
212,2008,Lincoln,0.000835,boy
213,2008,Erik,0.000825,boy
214,2008,Donovan,0.000822,boy
215,2008,Raymond,0.00081,boy
216,2008,Avery,0.000805,boy
217,2008,Rylan,0.000802,boy
218,2008,Dalton,0.000801,boy
219,2008,Harrison,0.000797,boy
220,2008,Andre,0.000782,boy
221,2008,Martin,0.000781,boy
222,2008,Keegan,0.000771,boy
223,2008,Marco,0.000769,boy
224,2008,Jude,0.000767,boy
225,2008,Sawyer,0.000767,boy
226,2008,Dakota,0.000748,boy
227,2008,Leo,0.000745,boy
228,2008,Calvin,0.000744,boy
229,2008,Kai,0.000735,boy
230,2008,Drake,0.000732,boy
231,2008,Troy,0.000731,boy
232,2008,Zion,0.000731,boy
233,2008,Clayton,0.000726,boy
234,2008,Roberto,0.000725,boy
235,2008,Zane,0.000718,boy
236,2008,Gregory,0.000713,boy
237,2008,Tucker,0.000711,boy
238,2008,Rafael,0.000708,boy
239,2008,Kingston,0.000706,boy
240,2008,Dominick,0.000706,boy
241,2008,Ezekiel,0.000705,boy
242,2008,Griffin,0.00069,boy
243,2008,Devon,0.000689,boy
244,2008,Drew,0.000681,boy
245,2008,Lukas,0.000677,boy
246,2008,Johnny,0.000675,boy
247,2008,Ty,0.000654,boy
248,2008,Pedro,0.000651,boy
249,2008,Tyson,0.000647,boy
250,2008,Caiden,0.000646,boy
251,2008,Mateo,0.00064,boy
252,2008,Braylon,0.000637,boy
253,2008,Cash,0.000637,boy
254,2008,Aden,0.000636,boy
255,2008,Chance,0.000634,boy
256,2008,Taylor,0.000628,boy
257,2008,Marcos,0.000623,boy
258,2008,Maximus,0.000623,boy
259,2008,Ruben,0.000621,boy
260,2008,Emanuel,0.000619,boy
261,2008,Simon,0.000619,boy
262,2008,Corbin,0.000617,boy
263,2008,Brennan,0.000606,boy
264,2008,Dillon,0.000602,boy
265,2008,Skyler,0.000601,boy
266,2008,Myles,0.000599,boy
267,2008,Xander,0.000598,boy
268,2008,Jaxson,0.000595,boy
269,2008,Dawson,0.000593,boy
270,2008,Kameron,0.00059,boy
271,2008,Kyler,0.000583,boy
272,2008,Axel,0.000579,boy
273,2008,Colby,0.000578,boy
274,2008,Jonas,0.000573,boy
275,2008,Joaquin,0.00057,boy
276,2008,Payton,0.000568,boy
277,2008,Brock,0.000563,boy
278,2008,Frank,0.000561,boy
279,2008,Enrique,0.000559,boy
280,2008,Quinn,0.000557,boy
281,2008,Emilio,0.000556,boy
282,2008,Malik,0.000556,boy
283,2008,Grady,0.000552,boy
284,2008,Angelo,0.00055,boy
285,2008,Julio,0.00055,boy
286,2008,Derrick,0.000545,boy
287,2008,Raul,0.000544,boy
288,2008,Fabian,0.000543,boy
289,2008,Corey,0.000542,boy
290,2008,Gerardo,0.000542,boy
291,2008,Dante,0.000526,boy
292,2008,Ezra,0.000525,boy
293,2008,Armando,0.000524,boy
294,2008,Allen,0.000523,boy
295,2008,Theodore,0.000522,boy
296,2008,Gael,0.000517,boy
297,2008,Amir,0.000517,boy
298,2008,Zander,0.000516,boy
299,2008,Adan,0.000512,boy
300,2008,Maximilian,0.000511,boy
301,2008,Randy,0.000509,boy
302,2008,Easton,0.000507,boy
303,2008,Dustin,0.000506,boy
304,2008,Luca,0.000506,boy
305,2008,Phillip,0.000503,boy
306,2008,Julius,0.000501,boy
307,2008,Charlie,5.00E-04,boy
308,2008,Ronald,0.000497,boy
309,2008,Jakob,0.000495,boy
310,2008,Cade,0.000494,boy
311,2008,Brett,0.000494,boy
312,2008,Trent,0.000491,boy
313,2008,Silas,0.00049,boy
314,2008,Keith,0.000489,boy
315,2008,Emiliano,0.000487,boy
316,2008,Trey,0.000485,boy
317,2008,Jalen,0.000485,boy
318,2008,Darius,0.000483,boy
319,2008,Lane,0.000483,boy
320,2008,Jerry,0.000483,boy
321,2008,Jaime,0.000479,boy
322,2008,Scott,0.000472,boy
323,2008,Graham,0.000472,boy
324,2008,Weston,0.000471,boy
325,2008,Braydon,0.000469,boy
326,2008,Anderson,0.000469,boy
327,2008,Rodrigo,0.000468,boy
328,2008,Pablo,0.000464,boy
329,2008,Saul,0.00046,boy
330,2008,Danny,0.00046,boy
331,2008,Donald,0.000457,boy
332,2008,Elliot,0.000457,boy
333,2008,Brayan,0.000457,boy
334,2008,Dallas,0.000457,boy
335,2008,Lorenzo,0.000454,boy
336,2008,Casey,0.000449,boy
337,2008,Mitchell,0.000447,boy
338,2008,Alberto,0.000446,boy
339,2008,Tristen,0.000446,boy
340,2008,Rowan,0.000445,boy
341,2008,Jayson,0.000444,boy
342,2008,Gustavo,0.000443,boy
343,2008,Aaden,0.000442,boy
344,2008,Amari,0.000438,boy
345,2008,Dean,0.000437,boy
346,2008,Braeden,0.000435,boy
347,2008,Declan,0.000433,boy
348,2008,Chris,0.000433,boy
349,2008,Ismael,0.000431,boy
350,2008,Dane,0.000424,boy
351,2008,Louis,0.000415,boy
352,2008,Arturo,0.000413,boy
353,2008,Brenden,0.000412,boy
354,2008,Felix,0.000406,boy
355,2008,Jimmy,0.000406,boy
356,2008,Cohen,0.000404,boy
357,2008,Tony,0.000404,boy
358,2008,Holden,0.000402,boy
359,2008,Reid,0.000399,boy
360,2008,Abel,0.000398,boy
361,2008,Bennett,0.000398,boy
362,2008,Zackary,0.000397,boy
363,2008,Arthur,0.000396,boy
364,2008,Nehemiah,0.000395,boy
365,2008,Ricky,0.000392,boy
366,2008,Esteban,0.000391,boy
367,2008,Cruz,0.000388,boy
368,2008,Finn,0.000387,boy
369,2008,Mauricio,0.000382,boy
370,2008,Dennis,0.000381,boy
371,2008,Keaton,0.000381,boy
372,2008,Albert,0.00038,boy
373,2008,Marvin,0.00038,boy
374,2008,Mathew,0.00038,boy
375,2008,Larry,0.00038,boy
376,2008,Moises,0.000378,boy
377,2008,Issac,0.000373,boy
378,2008,Philip,0.000373,boy
379,2008,Quentin,0.000372,boy
380,2008,Curtis,0.000371,boy
381,2008,Greyson,0.000371,boy
382,2008,Jameson,0.000371,boy
383,2008,Everett,0.00037,boy
384,2008,Jayce,0.000369,boy
385,2008,Darren,0.000367,boy
386,2008,Elliott,0.000364,boy
387,2008,Uriel,0.000363,boy
388,2008,Alfredo,0.000362,boy
389,2008,Hugo,0.000358,boy
390,2008,Alec,0.000355,boy
391,2008,Jamari,0.000355,boy
392,2008,Marshall,0.000352,boy
393,2008,Walter,0.000351,boy
394,2008,Judah,0.000349,boy
395,2008,Jay,0.000347,boy
396,2008,Lance,0.000346,boy
397,2008,Beau,0.000345,boy
398,2008,Ali,0.000342,boy
399,2008,Landyn,0.000341,boy
400,2008,Yahir,0.000341,boy
401,2008,Phoenix,0.00034,boy
402,2008,Nickolas,0.000338,boy
403,2008,Kobe,0.000336,boy
404,2008,Bryant,0.000335,boy
405,2008,Maurice,0.000335,boy
406,2008,Russell,0.000335,boy
407,2008,Leland,0.000334,boy
408,2008,Colten,0.000334,boy
409,2008,Reed,0.000333,boy
410,2008,Davis,0.000333,boy
411,2008,Joe,0.000332,boy
412,2008,Ernesto,0.000332,boy
413,2008,Desmond,0.000331,boy
414,2008,Kade,0.000331,boy
415,2008,Reece,0.00033,boy
416,2008,Morgan,0.000328,boy
417,2008,Ramon,0.000328,boy
418,2008,Rocco,0.000325,boy
419,2008,Orlando,0.000321,boy
420,2008,Ryker,0.000321,boy
421,2008,Brodie,0.000319,boy
422,2008,Paxton,0.000318,boy
423,2008,Jacoby,0.000318,boy
424,2008,Douglas,0.000315,boy
425,2008,Kristopher,0.000315,boy
426,2008,Gary,0.000313,boy
427,2008,Lawrence,0.000311,boy
428,2008,Izaiah,0.00031,boy
429,2008,Solomon,0.00031,boy
430,2008,Nikolas,0.000309,boy
431,2008,Mekhi,0.000309,boy
432,2008,Justice,0.000308,boy
433,2008,Tate,0.000307,boy
434,2008,Jaydon,0.000305,boy
435,2008,Salvador,0.000305,boy
436,2008,Shaun,0.000305,boy
437,2008,Alvin,0.000301,boy
438,2008,Eddie,0.000301,boy
439,2008,Kane,0.000301,boy
440,2008,Davion,0.000299,boy
441,2008,Zachariah,0.000296,boy
442,2008,Dorian,0.000294,boy
443,2008,Titus,0.000293,boy
444,2008,Kellen,0.000292,boy
445,2008,Camron,0.000291,boy
446,2008,Isiah,0.000291,boy
447,2008,Javon,0.000289,boy
448,2008,Nasir,0.000289,boy
449,2008,Milo,0.000288,boy
450,2008,Johan,0.000285,boy
451,2008,Byron,0.000284,boy
452,2008,Jasper,0.000284,boy
453,2008,Jonathon,0.000282,boy
454,2008,Chad,0.000281,boy
455,2008,Marc,0.000281,boy
456,2008,Kelvin,0.00028,boy
457,2008,Chandler,0.000279,boy
458,2008,Sam,0.000279,boy
459,2008,Cory,0.000277,boy
460,2008,Deandre,0.000276,boy
461,2008,River,0.000276,boy
462,2008,Reese,0.000275,boy
463,2008,Roger,0.000273,boy
464,2008,Quinton,0.000273,boy
465,2008,Talon,0.000272,boy
466,2008,Romeo,0.000272,boy
467,2008,Franklin,0.000271,boy
468,2008,Noel,0.00027,boy
469,2008,Alijah,0.00027,boy
470,2008,Guillermo,0.00027,boy
471,2008,Gunner,0.00027,boy
472,2008,Damon,0.000269,boy
473,2008,Jadon,0.000269,boy
474,2008,Emerson,0.000268,boy
475,2008,Micheal,0.000268,boy
476,2008,Bruce,0.000267,boy
477,2008,Terry,0.000267,boy
478,2008,Kolton,0.000266,boy
479,2008,Melvin,0.000266,boy
480,2008,Beckett,0.000265,boy
481,2008,Porter,0.000264,boy
482,2008,August,0.000264,boy
483,2008,Brycen,0.000262,boy
484,2008,Dayton,0.000262,boy
485,2008,Jamarion,0.000262,boy
486,2008,Leonel,0.000261,boy
487,2008,Karson,0.00026,boy
488,2008,Zayden,0.000259,boy
489,2008,Keagan,0.000258,boy
490,2008,Carl,0.000257,boy
491,2008,Khalil,0.000257,boy
492,2008,Cristopher,0.000255,boy
493,2008,Nelson,0.000255,boy
494,2008,Braiden,0.000255,boy
495,2008,Moses,0.000254,boy
496,2008,Isaias,0.000253,boy
497,2008,Roy,0.000253,boy
498,2008,Triston,0.000252,boy
499,2008,Walker,0.000251,boy
500,2008,Kale,0.000251,boy
501,2008,Jermaine,0.00025,boy
502,2008,Leon,0.00025,boy
503,2008,Rodney,0.00025,boy
504,2008,Kristian,0.00025,boy
505,2008,Mohamed,0.000248,boy
506,2008,Ronan,0.000247,boy
507,2008,Pierce,0.000246,boy
508,2008,Trace,0.000246,boy
509,2008,Warren,0.000246,boy
510,2008,Jeffery,0.000245,boy
511,2008,Maverick,0.000245,boy
512,2008,Cyrus,0.000244,boy
513,2008,Quincy,0.000243,boy
514,2008,Nathanael,0.000242,boy
515,2008,Skylar,0.000242,boy
516,2008,Tommy,0.000242,boy
517,2008,Conor,0.00024,boy
518,2008,Noe,0.00024,boy
519,2008,Ezequiel,0.00024,boy
520,2008,Demetrius,0.000239,boy
521,2008,Jaylin,0.000239,boy
522,2008,Kendrick,0.000239,boy
523,2008,Frederick,0.000238,boy
524,2008,Terrance,0.000236,boy
525,2008,Bobby,0.000235,boy
526,2008,Jamison,0.000234,boy
527,2008,Jon,0.000234,boy
528,2008,Rohan,0.000232,boy
529,2008,Jett,0.00023,boy
530,2008,Kieran,0.00023,boy
531,2008,Tobias,0.00023,boy
532,2008,Ari,0.000229,boy
533,2008,Colt,0.000229,boy
534,2008,Gideon,0.000229,boy
535,2008,Felipe,0.000227,boy
536,2008,Kenny,0.000226,boy
537,2008,Wilson,0.000225,boy
538,2008,Orion,0.000224,boy
539,2008,Kamari,0.000223,boy
540,2008,Gunnar,0.000223,boy
541,2008,Jessie,0.000223,boy
542,2008,Alonzo,0.000222,boy
543,2008,Gianni,0.000222,boy
544,2008,Omari,0.000221,boy
545,2008,Waylon,0.000221,boy
546,2008,Malcolm,0.00022,boy
547,2008,Emmett,0.00022,boy
548,2008,Abram,0.000219,boy
549,2008,Julien,0.000219,boy
550,2008,London,0.000219,boy
551,2008,Tomas,0.000219,boy
552,2008,Allan,0.000219,boy
553,2008,Terrell,0.000219,boy
554,2008,Matteo,0.000218,boy
555,2008,Tristin,0.000218,boy
556,2008,Jairo,0.000217,boy
557,2008,Reginald,0.000215,boy
558,2008,Brent,0.000214,boy
559,2008,Ahmad,0.000213,boy
560,2008,Yandel,0.000213,boy
561,2008,Rene,0.000213,boy
562,2008,Willie,0.000212,boy
563,2008,Boston,0.000212,boy
564,2008,Billy,0.000211,boy
565,2008,Marlon,0.000211,boy
566,2008,Trevon,0.000211,boy
567,2008,Aydan,0.00021,boy
568,2008,Jamal,0.00021,boy
569,2008,Aldo,0.000209,boy
570,2008,Ariel,0.000208,boy
571,2008,Cason,0.000207,boy
572,2008,Braylen,0.000207,boy
573,2008,Javion,0.000207,boy
574,2008,Joey,0.000206,boy
575,2008,Rogelio,0.000206,boy
576,2008,Ahmed,0.000205,boy
577,2008,Dominik,0.000204,boy
578,2008,Brendon,0.000203,boy
579,2008,Toby,0.000203,boy
580,2008,Kody,0.000202,boy
581,2008,Marquis,0.000202,boy
582,2008,Ulises,0.000201,boy
583,2008,Armani,0.000201,boy
584,2008,Adriel,0.000199,boy
585,2008,Alfonso,0.000199,boy
586,2008,Branden,0.000198,boy
587,2008,Will,0.000198,boy
588,2008,Craig,0.000197,boy
589,2008,Ibrahim,0.000197,boy
590,2008,Osvaldo,0.000196,boy
591,2008,Wade,0.000196,boy
592,2008,Harley,0.000194,boy
593,2008,Steve,0.000194,boy
594,2008,Davin,0.000193,boy
595,2008,Deshawn,0.000193,boy
596,2008,Kason,0.000193,boy
597,2008,Damion,0.000192,boy
598,2008,Jaylon,0.000192,boy
599,2008,Jefferson,0.000192,boy
600,2008,Aron,0.000192,boy
601,2008,Brooks,0.000192,boy
602,2008,Darian,0.000192,boy
603,2008,Gerald,0.000192,boy
604,2008,Rolando,0.000192,boy
605,2008,Terrence,0.000191,boy
606,2008,Enzo,0.00019,boy
607,2008,Kian,0.00019,boy
608,2008,Ryland,0.000189,boy
609,2008,Barrett,0.000189,boy
610,2008,Jaeden,0.000188,boy
611,2008,Ben,0.000186,boy
612,2008,Bradyn,0.000186,boy
613,2008,Giovani,0.000186,boy
614,2008,Blaine,0.000185,boy
615,2008,Madden,0.000185,boy
616,2008,Jerome,0.000184,boy
617,2008,Muhammad,0.000184,boy
618,2008,Ronnie,0.000184,boy
619,2008,Layne,0.000183,boy
620,2008,Kolby,0.000183,boy
621,2008,Leonard,0.000183,boy
622,2008,Vicente,0.000182,boy
623,2008,Cale,0.000182,boy
624,2008,Alessandro,0.000181,boy
625,2008,Zachery,0.000181,boy
626,2008,Gavyn,0.000181,boy
627,2008,Aydin,0.00018,boy
628,2008,Xzavier,0.00018,boy
629,2008,Malakai,0.000179,boy
630,2008,Raphael,0.000178,boy
631,2008,Cannon,0.000177,boy
632,2008,Rudy,0.000177,boy
633,2008,Asa,0.000175,boy
634,2008,Darrell,0.000175,boy
635,2008,Giancarlo,0.000175,boy
636,2008,Elisha,0.000175,boy
637,2008,Junior,0.000175,boy
638,2008,Zackery,0.000175,boy
639,2008,Alvaro,0.000174,boy
640,2008,Lewis,0.000174,boy
641,2008,Valentin,0.000174,boy
642,2008,Deacon,0.000174,boy
643,2008,Jase,0.000174,boy
644,2008,Harry,0.000173,boy
645,2008,Kendall,0.000173,boy
646,2008,Rashad,0.000173,boy
647,2008,Finnegan,0.000172,boy
648,2008,Mohammed,0.000172,boy
649,2008,Ramiro,0.000172,boy
650,2008,Cedric,0.000171,boy
651,2008,Brennen,0.000171,boy
652,2008,Santino,0.000171,boy
653,2008,Stanley,0.000171,boy
654,2008,Tyrone,0.000171,boy
655,2008,Chace,0.00017,boy
656,2008,Francis,0.000169,boy
657,2008,Johnathon,0.000168,boy
658,2008,Teagan,0.000168,boy
659,2008,Zechariah,0.000168,boy
660,2008,Alonso,0.000167,boy
661,2008,Kaeden,0.000167,boy
662,2008,Kamden,0.000167,boy
663,2008,Gilberto,0.000167,boy
664,2008,Ray,0.000167,boy
665,2008,Karter,0.000166,boy
666,2008,Luciano,0.000166,boy
667,2008,Nico,0.000166,boy
668,2008,Kole,0.000166,boy
669,2008,Aryan,0.000165,boy
670,2008,Draven,0.000165,boy
671,2008,Jamie,0.000165,boy
672,2008,Misael,0.000165,boy
673,2008,Lee,0.000165,boy
674,2008,Alexzander,0.000164,boy
675,2008,Camren,0.000164,boy
676,2008,Giovanny,0.000164,boy
677,2008,Amare,0.000163,boy
678,2008,Rhett,0.000163,boy
679,2008,Rhys,0.000163,boy
680,2008,Rodolfo,0.000163,boy
681,2008,Nash,0.000162,boy
682,2008,Markus,0.000161,boy
683,2008,Deven,0.00016,boy
684,2008,Mohammad,0.00016,boy
685,2008,Moshe,0.00016,boy
686,2008,Quintin,0.00016,boy
687,2008,Dwayne,0.000159,boy
688,2008,Memphis,0.000159,boy
689,2008,Atticus,0.000159,boy
690,2008,Davian,0.000158,boy
691,2008,Eugene,0.000158,boy
692,2008,Jax,0.000157,boy
693,2008,Antoine,0.000157,boy
694,2008,Wayne,0.000156,boy
695,2008,Randall,0.000155,boy
696,2008,Semaj,0.000155,boy
697,2008,Uriah,0.000155,boy
698,2008,Clark,0.000155,boy
699,2008,Aidyn,0.000154,boy
700,2008,Jorden,0.000154,boy
701,2008,Maxim,0.000154,boy
702,2008,Aditya,0.000153,boy
703,2008,Lawson,0.000153,boy
704,2008,Messiah,0.000153,boy
705,2008,Korbin,0.000152,boy
706,2008,Sullivan,0.000152,boy
707,2008,Freddy,0.000151,boy
708,2008,Demarcus,0.000151,boy
709,2008,Neil,0.000151,boy
710,2008,Brice,0.00015,boy
711,2008,King,0.00015,boy
712,2008,Davon,0.00015,boy
713,2008,Elvis,0.00015,boy
714,2008,Ace,0.000149,boy
715,2008,Dexter,0.000149,boy
716,2008,Heath,0.000149,boy
717,2008,Duncan,0.000148,boy
718,2008,Jamar,0.000148,boy
719,2008,Sincere,0.000148,boy
720,2008,Irvin,0.000147,boy
721,2008,Remington,0.000147,boy
722,2008,Kadin,0.000147,boy
723,2008,Soren,0.000147,boy
724,2008,Tyree,0.000147,boy
725,2008,Damarion,0.000146,boy
726,2008,Talan,0.000146,boy
727,2008,Adrien,0.000145,boy
728,2008,Gilbert,0.000145,boy
729,2008,Keenan,0.000145,boy
730,2008,Darnell,0.000145,boy
731,2008,Adolfo,0.000144,boy
732,2008,Tristian,0.000144,boy
733,2008,Derick,0.000143,boy
734,2008,Isai,0.000143,boy
735,2008,Rylee,0.000143,boy
736,2008,Gauge,0.000142,boy
737,2008,Harold,0.000142,boy
738,2008,Kareem,0.000142,boy
739,2008,Deangelo,0.000141,boy
740,2008,Agustin,0.00014,boy
741,2008,Coleman,0.00014,boy
742,2008,Zavier,0.00014,boy
743,2008,Lamar,0.00014,boy
744,2008,Emery,0.000139,boy
745,2008,Jaydin,0.000139,boy
746,2008,Devan,0.000138,boy
747,2008,Jordyn,0.000138,boy
748,2008,Mathias,0.000138,boy
749,2008,Prince,0.000138,boy
750,2008,Sage,0.000138,boy
751,2008,Seamus,0.000138,boy
752,2008,Jasiah,0.000137,boy
753,2008,Efrain,0.000136,boy
754,2008,Darryl,0.000136,boy
755,2008,Arjun,0.000135,boy
756,2008,Mike,0.000135,boy
757,2008,Roland,0.000135,boy
758,2008,Conrad,0.000134,boy
759,2008,Kamron,0.000134,boy
760,2008,Hamza,0.000134,boy
761,2008,Santos,0.000134,boy
762,2008,Frankie,0.000133,boy
763,2008,Dominique,0.000133,boy
764,2008,Marley,0.000133,boy
765,2008,Vance,0.000133,boy
766,2008,Dax,0.000133,boy
767,2008,Jamir,0.000133,boy
768,2008,Kylan,0.000133,boy
769,2008,Todd,0.000133,boy
770,2008,Maximo,0.000132,boy
771,2008,Jabari,0.000132,boy
772,2008,Matthias,0.000132,boy
773,2008,Haiden,0.000131,boy
774,2008,Luka,0.000131,boy
775,2008,Marcelo,0.000131,boy
776,2008,Keon,0.000131,boy
777,2008,Layton,0.000131,boy
778,2008,Tyrell,0.000131,boy
779,2008,Kash,0.00013,boy
780,2008,Raiden,0.00013,boy
781,2008,Cullen,0.000129,boy
782,2008,Donte,0.000129,boy
783,2008,Jovani,0.000129,boy
784,2008,Cordell,0.000128,boy
785,2008,Kasen,0.000128,boy
786,2008,Rory,0.000128,boy
787,2008,Alfred,0.000127,boy
788,2008,Darwin,0.000127,boy
789,2008,Ernest,0.000127,boy
790,2008,Bailey,0.000127,boy
791,2008,Gaige,0.000127,boy
792,2008,Hassan,0.000127,boy
793,2008,Jamarcus,0.000127,boy
794,2008,Killian,0.000127,boy
795,2008,Augustus,0.000126,boy
796,2008,Trevin,0.000126,boy
797,2008,Zain,0.000126,boy
798,2008,Ellis,0.000126,boy
799,2008,Rex,0.000126,boy
800,2008,Yusuf,0.000126,boy
801,2008,Bruno,0.000125,boy
802,2008,Jaidyn,0.000125,boy
803,2008,Justus,0.000125,boy
804,2008,Ronin,0.000125,boy
805,2008,Humberto,0.000125,boy
806,2008,Jaquan,0.000125,boy
807,2008,Josh,0.000124,boy
808,2008,Kasey,0.000124,boy
809,2008,Winston,0.000124,boy
810,2008,Dashawn,0.000124,boy
811,2008,Lucian,0.000124,boy
812,2008,Matias,0.000124,boy
813,2008,Sidney,0.000124,boy
814,2008,Ignacio,0.000123,boy
815,2008,Nigel,0.000123,boy
816,2008,Van,0.000123,boy
817,2008,Elian,0.000123,boy
818,2008,Finley,0.000123,boy
819,2008,Jaron,0.000123,boy
820,2008,Addison,0.000122,boy
821,2008,Aedan,0.000122,boy
822,2008,Braedon,0.000122,boy
823,2008,Jadyn,0.000122,boy
824,2008,Konner,0.000122,boy
825,2008,Zayne,0.000122,boy
826,2008,Franco,0.000121,boy
827,2008,Niko,0.000121,boy
828,2008,Savion,0.000121,boy
829,2008,Cristofer,0.000121,boy
830,2008,Deon,0.000121,boy
831,2008,Krish,0.00012,boy
832,2008,Anton,0.000119,boy
833,2008,Brogan,0.000119,boy
834,2008,Cael,0.000119,boy
835,2008,Coby,0.000119,boy
836,2008,Kymani,0.000119,boy
837,2008,Marcel,0.000119,boy
838,2008,Yair,0.000119,boy
839,2008,Dale,0.000119,boy
840,2008,Bo,0.000119,boy
841,2008,Jordon,0.000119,boy
842,2008,Samir,0.000119,boy
843,2008,Darien,0.000118,boy
844,2008,Zaire,0.000117,boy
845,2008,Ross,0.000117,boy
846,2008,Vaughn,0.000117,boy
847,2008,Devyn,0.000116,boy
848,2008,Kenyon,0.000116,boy
849,2008,Clay,0.000116,boy
850,2008,Dario,0.000115,boy
851,2008,Ishaan,0.000115,boy
852,2008,Jair,0.000115,boy
853,2008,Kael,0.000115,boy
854,2008,Adonis,0.000114,boy
855,2008,Jovanny,0.000114,boy
856,2008,Clinton,0.000114,boy
857,2008,Rey,0.000114,boy
858,2008,Chaim,0.000113,boy
859,2008,German,0.000113,boy
860,2008,Harper,0.000113,boy
861,2008,Nathen,0.000113,boy
862,2008,Rigoberto,0.000113,boy
863,2008,Sonny,0.000113,boy
864,2008,Glenn,0.000113,boy
865,2008,Octavio,0.000113,boy
866,2008,Blaze,0.000113,boy
867,2008,Keshawn,0.000112,boy
868,2008,Ralph,0.000112,boy
869,2008,Ean,0.000112,boy
870,2008,Nikhil,0.000112,boy
871,2008,Rayan,0.000112,boy
872,2008,Sterling,0.000112,boy
873,2008,Branson,0.000111,boy
874,2008,Jadiel,0.000111,boy
875,2008,Dillan,0.000111,boy
876,2008,Jeramiah,0.000111,boy
877,2008,Koen,0.000111,boy
878,2008,Konnor,0.000111,boy
879,2008,Antwan,0.00011,boy
880,2008,Houston,0.00011,boy
881,2008,Tyrese,0.00011,boy
882,2008,Dereon,0.000109,boy
883,2008,Leonidas,0.000109,boy
884,2008,Zack,0.000109,boy
885,2008,Fisher,0.000108,boy
886,2008,Jaydan,0.000108,boy
887,2008,Quinten,0.000108,boy
888,2008,Nick,0.000108,boy
889,2008,Urijah,0.000108,boy
890,2008,Darion,0.000107,boy
891,2008,Jovan,0.000107,boy
892,2008,Salvatore,0.000107,boy
893,2008,Beckham,0.000107,boy
894,2008,Jarrett,0.000107,boy
895,2008,Antony,0.000106,boy
896,2008,Eden,0.000106,boy
897,2008,Makai,0.000106,boy
898,2008,Zaiden,0.000106,boy
899,2008,Broderick,0.000106,boy
900,2008,Camryn,0.000106,boy
901,2008,Malaki,0.000106,boy
902,2008,Nikolai,0.000106,boy
903,2008,Howard,0.000106,boy
904,2008,Immanuel,0.000105,boy
905,2008,Demarion,0.000105,boy
906,2008,Valentino,0.000105,boy
907,2008,Jovanni,0.000104,boy
908,2008,Ayaan,0.000104,boy
909,2008,Ethen,0.000104,boy
910,2008,Leandro,0.000103,boy
911,2008,Royce,0.000103,boy
912,2008,Yael,0.000103,boy
913,2008,Yosef,0.000103,boy
914,2008,Jean,0.000103,boy
915,2008,Marquise,0.000103,boy
916,2008,Alden,0.000102,boy
917,2008,Leroy,0.000102,boy
918,2008,Gaven,0.000102,boy
919,2008,Jovany,0.000102,boy
920,2008,Tyshawn,0.000102,boy
921,2008,Aarav,0.000101,boy
922,2008,Kadyn,0.000101,boy
923,2008,Milton,0.000101,boy
924,2008,Zaid,0.000101,boy
925,2008,Kelton,0.000101,boy
926,2008,Tripp,0.000101,boy
927,2008,Kamren,1.00E-04,boy
928,2008,Slade,1.00E-04,boy
929,2008,Hezekiah,1.00E-04,boy
930,2008,Jakobe,1.00E-04,boy
931,2008,Nathanial,1.00E-04,boy
932,2008,Rishi,1.00E-04,boy
933,2008,Shamar,1.00E-04,boy
934,2008,Geovanni,9.90E-05,boy
935,2008,Pranav,9.90E-05,boy
936,2008,Roderick,9.90E-05,boy
937,2008,Bentley,9.90E-05,boy
938,2008,Clarence,9.90E-05,boy
939,2008,Lyric,9.90E-05,boy
940,2008,Bernard,9.90E-05,boy
941,2008,Carmelo,9.90E-05,boy
942,2008,Denzel,9.90E-05,boy
943,2008,Maximillian,9.90E-05,boy
944,2008,Reynaldo,9.90E-05,boy
945,2008,Cassius,9.80E-05,boy
946,2008,Gordon,9.80E-05,boy
947,2008,Reuben,9.80E-05,boy
948,2008,Samson,9.80E-05,boy
949,2008,Yadiel,9.80E-05,boy
950,2008,Jayvon,9.70E-05,boy
951,2008,Reilly,9.70E-05,boy
952,2008,Sheldon,9.70E-05,boy
953,2008,Abdullah,9.70E-05,boy
954,2008,Jagger,9.70E-05,boy
955,2008,Thaddeus,9.70E-05,boy
956,2008,Case,9.60E-05,boy
957,2008,Kyson,9.60E-05,boy
958,2008,Lamont,9.60E-05,boy
959,2008,Chaz,9.60E-05,boy
960,2008,Makhi,9.60E-05,boy
961,2008,Jan,9.50E-05,boy
962,2008,Marques,9.50E-05,boy
963,2008,Oswaldo,9.50E-05,boy
964,2008,Donavan,9.50E-05,boy
965,2008,Keyon,9.50E-05,boy
966,2008,Kyan,9.50E-05,boy
967,2008,Simeon,9.50E-05,boy
968,2008,Trystan,9.50E-05,boy
969,2008,Andreas,9.40E-05,boy
970,2008,Dangelo,9.40E-05,boy
971,2008,Landin,9.40E-05,boy
972,2008,Reagan,9.40E-05,boy
973,2008,Turner,9.40E-05,boy
974,2008,Arnav,9.40E-05,boy
975,2008,Brenton,9.40E-05,boy
976,2008,Callum,9.40E-05,boy
977,2008,Jayvion,9.40E-05,boy
978,2008,Bridger,9.30E-05,boy
979,2008,Sammy,9.30E-05,boy
980,2008,Deegan,9.30E-05,boy
981,2008,Jaylan,9.30E-05,boy
982,2008,Lennon,9.30E-05,boy
983,2008,Odin,9.30E-05,boy
984,2008,Abdiel,9.20E-05,boy
985,2008,Jerimiah,9.20E-05,boy
986,2008,Eliezer,9.20E-05,boy
987,2008,Bronson,9.10E-05,boy
988,2008,Cornelius,9.10E-05,boy
989,2008,Pierre,9.10E-05,boy
990,2008,Cortez,9.10E-05,boy
991,2008,Baron,9.00E-05,boy
992,2008,Carlo,9.00E-05,boy
993,2008,Carsen,9.00E-05,boy
994,2008,Fletcher,9.00E-05,boy
995,2008,Izayah,9.00E-05,boy
996,2008,Kolten,9.00E-05,boy
997,2008,Damari,8.90E-05,boy
998,2008,Hugh,8.90E-05,boy
999,2008,Jensen,8.90E-05,boy
1000,2008,Yurem,8.90E-05,boy
1001,2008,Emma,0.009043,girl
1002,2008,Isabella,0.008941,girl
1003,2008,Emily,0.008377,girl
1004,2008,Madison,0.008199,girl
1005,2008,Ava,0.008198,girl
1006,2008,Olivia,0.008196,girl
1007,2008,Sophia,0.007729,girl
1008,2008,Abigail,0.00725,girl
1009,2008,Elizabeth,0.005748,girl
1010,2008,Chloe,0.005692,girl
1011,2008,Samantha,0.005384,girl
1012,2008,Addison,0.005188,girl
1013,2008,Natalie,0.004905,girl
1014,2008,Mia,0.004898,girl
1015,2008,Alexis,0.004671,girl
1016,2008,Alyssa,0.00464,girl
1017,2008,Hannah,0.004582,girl
1018,2008,Ashley,0.00453,girl
1019,2008,Ella,0.004497,girl
1020,2008,Sarah,0.004332,girl
1021,2008,Grace,0.004323,girl
1022,2008,Taylor,0.004022,girl
1023,2008,Brianna,0.00397,girl
1024,2008,Lily,0.003907,girl
1025,2008,Hailey,0.003789,girl
1026,2008,Anna,0.003477,girl
1027,2008,Victoria,0.00342,girl
1028,2008,Kayla,0.003281,girl
1029,2008,Lillian,0.003272,girl
1030,2008,Lauren,0.003108,girl
1031,2008,Kaylee,0.003034,girl
1032,2008,Allison,0.003006,girl
1033,2008,Savannah,0.002943,girl
1034,2008,Nevaeh,0.002914,girl
1035,2008,Gabriella,0.002889,girl
1036,2008,Sofia,0.002869,girl
1037,2008,Makayla,0.002859,girl
1038,2008,Avery,0.002801,girl
1039,2008,Riley,0.002774,girl
1040,2008,Julia,0.002698,girl
1041,2008,Leah,0.002695,girl
1042,2008,Aubrey,0.002675,girl
1043,2008,Jasmine,0.002647,girl
1044,2008,Audrey,0.002626,girl
1045,2008,Katherine,0.002571,girl
1046,2008,Morgan,0.002571,girl
1047,2008,Brooklyn,0.002554,girl
1048,2008,Destiny,0.002546,girl
1049,2008,Sydney,0.002536,girl
1050,2008,Alexa,0.002512,girl
1051,2008,Kylie,0.002501,girl
1052,2008,Brooke,0.002494,girl
1053,2008,Kaitlyn,0.002463,girl
1054,2008,Evelyn,0.002452,girl
1055,2008,Layla,0.002376,girl
1056,2008,Madeline,0.002319,girl
1057,2008,Kimberly,0.002318,girl
1058,2008,Zoe,0.002289,girl
1059,2008,Jessica,0.00228,girl
1060,2008,Peyton,0.002278,girl
1061,2008,Alexandra,0.002219,girl
1062,2008,Claire,0.002213,girl
1063,2008,Madelyn,0.0022,girl
1064,2008,Maria,0.002195,girl
1065,2008,Mackenzie,0.002153,girl
1066,2008,Arianna,0.002124,girl
1067,2008,Jocelyn,0.002104,girl
1068,2008,Amelia,0.002088,girl
1069,2008,Angelina,0.002064,girl
1070,2008,Trinity,0.002056,girl
1071,2008,Andrea,0.002053,girl
1072,2008,Maya,0.002042,girl
1073,2008,Valeria,0.002027,girl
1074,2008,Sophie,0.001953,girl
1075,2008,Rachel,0.001948,girl
1076,2008,Vanessa,0.001944,girl
1077,2008,Aaliyah,0.001939,girl
1078,2008,Mariah,0.001935,girl
1079,2008,Gabrielle,0.001934,girl
1080,2008,Katelyn,0.001913,girl
1081,2008,Ariana,0.00188,girl
1082,2008,Bailey,0.001878,girl
1083,2008,Camila,0.001857,girl
1084,2008,Jennifer,0.001821,girl
1085,2008,Melanie,0.001786,girl
1086,2008,Gianna,0.001764,girl
1087,2008,Charlotte,0.001763,girl
1088,2008,Paige,0.001755,girl
1089,2008,Autumn,0.001752,girl
1090,2008,Payton,0.001734,girl
1091,2008,Faith,0.001729,girl
1092,2008,Sara,0.001725,girl
1093,2008,Isabelle,0.001721,girl
1094,2008,Caroline,0.001699,girl
1095,2008,Genesis,0.001698,girl
1096,2008,Isabel,0.001679,girl
1097,2008,Mary,0.001668,girl
1098,2008,Zoey,0.001658,girl
1099,2008,Gracie,0.00165,girl
1100,2008,Megan,0.00164,girl
1101,2008,Haley,0.001606,girl
1102,2008,Mya,0.001601,girl
1103,2008,Michelle,0.0016,girl
1104,2008,Molly,0.001596,girl
1105,2008,Stephanie,0.001594,girl
1106,2008,Nicole,0.001576,girl
1107,2008,Jenna,0.001557,girl
1108,2008,Natalia,0.001556,girl
1109,2008,Sadie,0.001517,girl
1110,2008,Jada,0.001513,girl
1111,2008,Serenity,0.001496,girl
1112,2008,Lucy,0.001474,girl
1113,2008,Ruby,0.001449,girl
1114,2008,Eva,0.001423,girl
1115,2008,Kennedy,0.001421,girl
1116,2008,Rylee,0.001414,girl
1117,2008,Jayla,0.001407,girl
1118,2008,Naomi,0.001392,girl
1119,2008,Rebecca,0.00139,girl
1120,2008,Lydia,0.001378,girl
1121,2008,Daniela,0.001348,girl
1122,2008,Bella,0.001336,girl
1123,2008,Keira,0.001318,girl
1124,2008,Adriana,0.00131,girl
1125,2008,Lilly,0.001292,girl
1126,2008,Hayden,0.001285,girl
1127,2008,Miley,0.001277,girl
1128,2008,Katie,0.001276,girl
1129,2008,Jade,0.00127,girl
1130,2008,Jordan,0.001267,girl
1131,2008,Gabriela,0.001262,girl
1132,2008,Amy,0.001224,girl
1133,2008,Angela,0.001218,girl
1134,2008,Melissa,0.001208,girl
1135,2008,Valerie,0.001206,girl
1136,2008,Giselle,0.0012,girl
1137,2008,Diana,0.001175,girl
1138,2008,Amanda,0.001171,girl
1139,2008,Kate,0.001163,girl
1140,2008,Laila,0.001157,girl
1141,2008,Reagan,0.001149,girl
1142,2008,Jordyn,0.001146,girl
1143,2008,Kylee,0.001146,girl
1144,2008,Danielle,0.001145,girl
1145,2008,Briana,0.001136,girl
1146,2008,Marley,0.001133,girl
1147,2008,Leslie,0.001117,girl
1148,2008,Kendall,0.001112,girl
1149,2008,Catherine,0.00111,girl
1150,2008,Liliana,0.001103,girl
1151,2008,Mckenzie,0.001099,girl
1152,2008,Jacqueline,0.001091,girl
1153,2008,Ashlyn,0.001088,girl
1154,2008,Reese,0.001078,girl
1155,2008,Marissa,0.001047,girl
1156,2008,London,0.001038,girl
1157,2008,Juliana,0.001034,girl
1158,2008,Shelby,0.001034,girl
1159,2008,Cheyenne,0.001014,girl
1160,2008,Angel,0.001011,girl
1161,2008,Daisy,0.001001,girl
1162,2008,Makenzie,0.000996,girl
1163,2008,Miranda,0.000993,girl
1164,2008,Erin,0.000992,girl
1165,2008,Amber,0.000989,girl
1166,2008,Alana,0.00098,girl
1167,2008,Ellie,0.000958,girl
1168,2008,Breanna,0.000952,girl
1169,2008,Ana,0.000937,girl
1170,2008,Mikayla,0.000936,girl
1171,2008,Summer,0.000935,girl
1172,2008,Piper,0.000921,girl
1173,2008,Adrianna,0.000916,girl
1174,2008,Jillian,0.000916,girl
1175,2008,Sierra,0.000911,girl
1176,2008,Jayden,0.000907,girl
1177,2008,Sienna,0.000896,girl
1178,2008,Alicia,0.000893,girl
1179,2008,Lila,0.000893,girl
1180,2008,Margaret,0.000889,girl
1181,2008,Alivia,0.00088,girl
1182,2008,Brooklynn,0.00088,girl
1183,2008,Karen,0.000878,girl
1184,2008,Violet,0.000874,girl
1185,2008,Sabrina,0.000871,girl
1186,2008,Stella,0.000871,girl
1187,2008,Aniyah,0.00087,girl
1188,2008,Annabelle,0.000867,girl
1189,2008,Alexandria,0.000867,girl
1190,2008,Kathryn,0.000849,girl
1191,2008,Skylar,0.000841,girl
1192,2008,Aliyah,0.00084,girl
1193,2008,Delilah,0.000837,girl
1194,2008,Julianna,0.00083,girl
1195,2008,Kelsey,0.000827,girl
1196,2008,Khloe,0.000821,girl
1197,2008,Carly,0.000811,girl
1198,2008,Amaya,0.000809,girl
1199,2008,Mariana,0.000806,girl
1200,2008,Christina,0.000799,girl
1201,2008,Alondra,0.000798,girl
1202,2008,Tessa,0.000796,girl
1203,2008,Eliana,0.000793,girl
1204,2008,Bianca,0.000792,girl
1205,2008,Jazmin,0.000792,girl
1206,2008,Clara,0.000789,girl
1207,2008,Vivian,0.000786,girl
1208,2008,Josephine,0.000782,girl
1209,2008,Delaney,0.000779,girl
1210,2008,Scarlett,0.000779,girl
1211,2008,Elena,0.000779,girl
1212,2008,Cadence,0.000777,girl
1213,2008,Alexia,0.000775,girl
1214,2008,Maggie,0.000771,girl
1215,2008,Laura,0.000767,girl
1216,2008,Nora,0.000747,girl
1217,2008,Ariel,0.000746,girl
1218,2008,Elise,0.000745,girl
1219,2008,Nadia,0.000741,girl
1220,2008,Mckenna,0.000734,girl
1221,2008,Chelsea,0.000729,girl
1222,2008,Lyla,0.000727,girl
1223,2008,Alaina,0.000725,girl
1224,2008,Jasmin,0.000724,girl
1225,2008,Hope,0.000724,girl
1226,2008,Leila,0.000721,girl
1227,2008,Caitlyn,0.000716,girl
1228,2008,Cassidy,0.000716,girl
1229,2008,Makenna,0.000712,girl
1230,2008,Allie,0.000708,girl
1231,2008,Izabella,0.000707,girl
1232,2008,Eden,0.000706,girl
1233,2008,Callie,0.000706,girl
1234,2008,Haylee,0.000706,girl
1235,2008,Caitlin,0.000705,girl
1236,2008,Kendra,0.000698,girl
1237,2008,Karina,0.000696,girl
1238,2008,Kyra,0.000693,girl
1239,2008,Kayleigh,0.00069,girl
1240,2008,Addyson,0.00069,girl
1241,2008,Kiara,0.000687,girl
1242,2008,Jazmine,0.000686,girl
1243,2008,Karla,0.000686,girl
1244,2008,Camryn,0.000683,girl
1245,2008,Alina,0.000679,girl
1246,2008,Lola,0.000678,girl
1247,2008,Kyla,0.000678,girl
1248,2008,Kelly,0.000677,girl
1249,2008,Fatima,0.000673,girl
1250,2008,Tiffany,0.000659,girl
1251,2008,Kira,0.000658,girl
1252,2008,Crystal,0.000655,girl
1253,2008,Mallory,0.000651,girl
1254,2008,Esmeralda,0.000645,girl
1255,2008,Alejandra,0.000645,girl
1256,2008,Eleanor,0.000643,girl
1257,2008,Angelica,0.000642,girl
1258,2008,Jayda,0.000642,girl
1259,2008,Abby,0.00064,girl
1260,2008,Kara,0.000638,girl
1261,2008,Veronica,0.000638,girl
1262,2008,Carmen,0.000631,girl
1263,2008,Jamie,0.000629,girl
1264,2008,Ryleigh,0.000623,girl
1265,2008,Valentina,0.000621,girl
1266,2008,Allyson,0.000617,girl
1267,2008,Dakota,0.000614,girl
1268,2008,Kamryn,0.000612,girl
1269,2008,Courtney,0.000606,girl
1270,2008,Cecilia,0.000605,girl
1271,2008,Madeleine,0.000604,girl
1272,2008,Aniya,0.000603,girl
1273,2008,Alison,0.000601,girl
1274,2008,Esther,0.000601,girl
1275,2008,Heaven,0.000595,girl
1276,2008,Aubree,0.000593,girl
1277,2008,Lindsey,0.000592,girl
1278,2008,Leilani,0.000589,girl
1279,2008,Nina,0.000588,girl
1280,2008,Melody,0.000587,girl
1281,2008,Macy,0.000584,girl
1282,2008,Ashlynn,0.000581,girl
1283,2008,Joanna,0.000575,girl
1284,2008,Cassandra,0.000568,girl
1285,2008,Alayna,0.000566,girl
1286,2008,Kaydence,0.000566,girl
1287,2008,Madilyn,0.000565,girl
1288,2008,Aurora,0.000563,girl
1289,2008,Heidi,0.000559,girl
1290,2008,Emerson,0.000558,girl
1291,2008,Kimora,0.000553,girl
1292,2008,Madalyn,0.000552,girl
1293,2008,Erica,0.000544,girl
1294,2008,Josie,0.000543,girl
1295,2008,Katelynn,0.000543,girl
1296,2008,Guadalupe,0.00054,girl
1297,2008,Harper,0.000539,girl
1298,2008,Ivy,0.000538,girl
1299,2008,Lexi,0.000538,girl
1300,2008,Camille,0.000532,girl
1301,2008,Savanna,0.000532,girl
1302,2008,Dulce,0.000529,girl
1303,2008,Daniella,0.000526,girl
1304,2008,Lucia,0.000526,girl
1305,2008,Emely,0.000526,girl
1306,2008,Joselyn,0.000525,girl
1307,2008,Kiley,0.000525,girl
1308,2008,Kailey,0.000521,girl
1309,2008,Miriam,0.00052,girl
1310,2008,Cynthia,0.000516,girl
1311,2008,Rihanna,0.000515,girl
1312,2008,Georgia,0.000514,girl
1313,2008,Rylie,0.000513,girl
1314,2008,Harmony,0.000512,girl
1315,2008,Kiera,0.000512,girl
1316,2008,Kyleigh,0.000511,girl
1317,2008,Monica,0.00051,girl
1318,2008,Bethany,0.000508,girl
1319,2008,Kaylie,0.000508,girl
1320,2008,Cameron,0.000505,girl
1321,2008,Teagan,0.000503,girl
1322,2008,Cora,0.000503,girl
1323,2008,Brynn,5.00E-04,girl
1324,2008,Ciara,0.000497,girl
1325,2008,Genevieve,0.000497,girl
1326,2008,Alice,0.000493,girl
1327,2008,Maddison,0.000491,girl
1328,2008,Eliza,0.000489,girl
1329,2008,Tatiana,0.000489,girl
1330,2008,Jaelyn,0.000489,girl
1331,2008,Erika,0.000488,girl
1332,2008,Ximena,0.000488,girl
1333,2008,April,0.000485,girl
1334,2008,Marely,0.000484,girl
1335,2008,Julie,0.000481,girl
1336,2008,Danica,0.000473,girl
1337,2008,Presley,0.000473,girl
1338,2008,Brielle,0.000472,girl
1339,2008,Julissa,0.000472,girl
1340,2008,Angie,0.00047,girl
1341,2008,Iris,0.000467,girl
1342,2008,Brenda,0.000465,girl
1343,2008,Hazel,0.000465,girl
1344,2008,Rose,0.000465,girl
1345,2008,Malia,0.000464,girl
1346,2008,Shayla,0.000463,girl
1347,2008,Fiona,0.000463,girl
1348,2008,Phoebe,0.000461,girl
1349,2008,Nayeli,0.000459,girl
1350,2008,Paola,0.000459,girl
1351,2008,Kaelyn,0.000458,girl
1352,2008,Selena,0.000456,girl
1353,2008,Audrina,0.000452,girl
1354,2008,Rebekah,0.000451,girl
1355,2008,Carolina,0.000447,girl
1356,2008,Janiyah,0.000444,girl
1357,2008,Michaela,0.000442,girl
1358,2008,Penelope,0.000441,girl
1359,2008,Janiya,0.000441,girl
1360,2008,Anastasia,0.000439,girl
1361,2008,Adeline,0.000438,girl
1362,2008,Ruth,0.000437,girl
1363,2008,Sasha,0.000437,girl
1364,2008,Denise,0.000433,girl
1365,2008,Holly,0.00043,girl
1366,2008,Madisyn,0.000428,girl
1367,2008,Hanna,0.000428,girl
1368,2008,Tatum,0.000427,girl
1369,2008,Marlee,0.000427,girl
1370,2008,Nataly,0.000426,girl
1371,2008,Helen,0.000425,girl
1372,2008,Janelle,0.000425,girl
1373,2008,Lizbeth,0.000425,girl
1374,2008,Serena,0.000423,girl
1375,2008,Anya,0.000423,girl
1376,2008,Jaslene,0.000423,girl
1377,2008,Kaylin,0.000418,girl
1378,2008,Jazlyn,0.000416,girl
1379,2008,Nancy,0.000412,girl
1380,2008,Lindsay,0.000408,girl
1381,2008,Desiree,0.000407,girl
1382,2008,Hayley,0.000407,girl
1383,2008,Itzel,0.000407,girl
1384,2008,Imani,0.000404,girl
1385,2008,Madelynn,0.000401,girl
1386,2008,Asia,4.00E-04,girl
1387,2008,Kadence,0.000399,girl
1388,2008,Madyson,0.000399,girl
1389,2008,Talia,0.000399,girl
1390,2008,Jane,0.000398,girl
1391,2008,Kayden,0.000398,girl
1392,2008,Annie,0.000397,girl
1393,2008,Amari,0.000397,girl
1394,2008,Bridget,0.000394,girl
1395,2008,Raegan,0.000392,girl
1396,2008,Jadyn,0.000391,girl
1397,2008,Celeste,0.000389,girl
1398,2008,Jimena,0.000389,girl
1399,2008,Luna,0.000387,girl
1400,2008,Yasmin,0.000387,girl
1401,2008,Emilia,0.000386,girl
1402,2008,Annika,0.000385,girl
1403,2008,Estrella,0.000384,girl
1404,2008,Sarai,0.000384,girl
1405,2008,Lacey,0.000382,girl
1406,2008,Ayla,0.000382,girl
1407,2008,Alessandra,0.00038,girl
1408,2008,Willow,0.000378,girl
1409,2008,Nyla,0.000376,girl
1410,2008,Dayana,0.000375,girl
1411,2008,Lilah,0.000374,girl
1412,2008,Lilliana,0.000373,girl
1413,2008,Natasha,0.000373,girl
1414,2008,Hadley,0.000373,girl
1415,2008,Harley,0.000373,girl
1416,2008,Priscilla,0.000373,girl
1417,2008,Claudia,0.000372,girl
1418,2008,Allisson,0.000371,girl
1419,2008,Baylee,0.00037,girl
1420,2008,Brenna,0.00037,girl
1421,2008,Brittany,0.000369,girl
1422,2008,Skyler,0.000369,girl
1423,2008,Fernanda,0.000368,girl
1424,2008,Danna,0.000366,girl
1425,2008,Melany,0.000358,girl
1426,2008,Cali,0.000356,girl
1427,2008,Lia,0.000356,girl
1428,2008,Macie,0.000356,girl
1429,2008,Lyric,0.000354,girl
1430,2008,Logan,0.000353,girl
1431,2008,Gloria,0.000352,girl
1432,2008,Lana,0.000352,girl
1433,2008,Mylee,0.000352,girl
1434,2008,Cindy,0.000352,girl
1435,2008,Lilian,0.000351,girl
1436,2008,Amira,0.00035,girl
1437,2008,Anahi,0.00035,girl
1438,2008,Alissa,0.000348,girl
1439,2008,Anaya,0.000348,girl
1440,2008,Lena,0.000348,girl
1441,2008,Ainsley,0.000346,girl
1442,2008,Sandra,0.000346,girl
1443,2008,Noelle,0.000343,girl
1444,2008,Marisol,0.000342,girl
1445,2008,Meredith,0.00034,girl
1446,2008,Kailyn,0.000339,girl
1447,2008,Lesly,0.000338,girl
1448,2008,Johanna,0.000338,girl
1449,2008,Diamond,0.000337,girl
1450,2008,Evangeline,0.000336,girl
1451,2008,Juliet,0.000336,girl
1452,2008,Kathleen,0.000334,girl
1453,2008,Meghan,0.000334,girl
1454,2008,Paisley,0.000334,girl
1455,2008,Athena,0.000332,girl
1456,2008,Hailee,0.000332,girl
1457,2008,Rosa,0.000332,girl
1458,2008,Wendy,0.00033,girl
1459,2008,Emilee,0.00033,girl
1460,2008,Sage,0.00033,girl
1461,2008,Alanna,0.000329,girl
1462,2008,Elaina,0.000328,girl
1463,2008,Cara,0.000327,girl
1464,2008,Nia,0.000327,girl
1465,2008,Paris,0.000327,girl
1466,2008,Casey,0.000326,girl
1467,2008,Dana,0.000326,girl
1468,2008,Emery,0.000325,girl
1469,2008,Rowan,0.000325,girl
1470,2008,Aubrie,0.000324,girl
1471,2008,Kaitlin,0.000323,girl
1472,2008,Jaden,0.000323,girl
1473,2008,Kenzie,0.000323,girl
1474,2008,Kiana,0.000322,girl
1475,2008,Viviana,0.00032,girl
1476,2008,Norah,0.00032,girl
1477,2008,Lauryn,0.000318,girl
1478,2008,Perla,0.000318,girl
1479,2008,Amiyah,0.000318,girl
1480,2008,Alyson,0.000316,girl
1481,2008,Rachael,0.000316,girl
1482,2008,Shannon,0.000315,girl
1483,2008,Aileen,0.000313,girl
1484,2008,Miracle,0.000313,girl
1485,2008,Lillie,0.000311,girl
1486,2008,Danika,0.00031,girl
1487,2008,Heather,0.00031,girl
1488,2008,Kassidy,0.000309,girl
1489,2008,Taryn,0.000309,girl
1490,2008,Tori,0.000309,girl
1491,2008,Francesca,0.000308,girl
1492,2008,Kristen,0.000308,girl
1493,2008,Amya,0.000307,girl
1494,2008,Elle,0.000306,girl
1495,2008,Kristina,0.000306,girl
1496,2008,Cheyanne,0.000304,girl
1497,2008,Haylie,0.000304,girl
1498,2008,Patricia,0.000303,girl
1499,2008,Anne,0.000301,girl
1500,2008,Samara,0.000301,girl
1501,2008,Skye,0.000299,girl
1502,2008,Kali,0.000299,girl
1503,2008,America,0.000297,girl
1504,2008,Lexie,0.000297,girl
1505,2008,Parker,0.000297,girl
1506,2008,Halle,0.000296,girl
1507,2008,Londyn,0.000295,girl
1508,2008,Abbigail,0.000294,girl
1509,2008,Linda,0.000293,girl
1510,2008,Hallie,0.000292,girl
1511,2008,Saniya,0.000291,girl
1512,2008,Bryanna,0.00029,girl
1513,2008,Bailee,0.000289,girl
1514,2008,Jaylynn,0.000288,girl
1515,2008,Mckayla,0.000288,girl
1516,2008,Quinn,0.000288,girl
1517,2008,Jaelynn,0.000286,girl
1518,2008,Jaida,0.000286,girl
1519,2008,Caylee,0.000285,girl
1520,2008,Jaiden,0.000284,girl
1521,2008,Melina,0.000284,girl
1522,2008,Abril,0.000283,girl
1523,2008,Sidney,0.000282,girl
1524,2008,Kassandra,0.000281,girl
1525,2008,Elisabeth,0.000279,girl
1526,2008,Adalyn,0.000278,girl
1527,2008,Kaylynn,0.000278,girl
1528,2008,Mercedes,0.000278,girl
1529,2008,Yesenia,0.000278,girl
1530,2008,Elliana,0.000277,girl
1531,2008,Brylee,0.000276,girl
1532,2008,Dylan,0.000276,girl
1533,2008,Isabela,0.000276,girl
1534,2008,Ryan,0.000276,girl
1535,2008,Ashlee,0.000275,girl
1536,2008,Daphne,0.000275,girl
1537,2008,Kenya,0.000274,girl
1538,2008,Marina,0.000274,girl
1539,2008,Christine,0.000274,girl
1540,2008,Mikaela,0.000273,girl
1541,2008,Kaitlynn,0.000273,girl
1542,2008,Justice,0.000272,girl
1543,2008,Saniyah,0.000272,girl
1544,2008,Jaliyah,0.000271,girl
1545,2008,Ingrid,0.000271,girl
1546,2008,Marie,0.00027,girl
1547,2008,Natalee,0.00027,girl
1548,2008,Joy,0.000269,girl
1549,2008,Juliette,0.000269,girl
1550,2008,Simone,0.000269,girl
1551,2008,Adelaide,0.000268,girl
1552,2008,Krystal,0.000267,girl
1553,2008,Kennedi,0.000267,girl
1554,2008,Mila,0.000267,girl
1555,2008,Tamia,0.000267,girl
1556,2008,Addisyn,0.000266,girl
1557,2008,Aylin,0.000266,girl
1558,2008,Dayanara,0.000266,girl
1559,2008,Sylvia,0.000264,girl
1560,2008,Clarissa,0.000263,girl
1561,2008,Maritza,0.000263,girl
1562,2008,Virginia,0.000263,girl
1563,2008,Braelyn,0.000262,girl
1564,2008,Jolie,0.000262,girl
1565,2008,Jaidyn,0.000261,girl
1566,2008,Kinsley,0.000261,girl
1567,2008,Kirsten,0.000261,girl
1568,2008,Laney,0.000261,girl
1569,2008,Marilyn,0.000261,girl
1570,2008,Whitney,0.00026,girl
1571,2008,Janessa,0.000259,girl
1572,2008,Raquel,0.000259,girl
1573,2008,Anika,0.000258,girl
1574,2008,Kamila,0.000258,girl
1575,2008,Aria,0.000257,girl
1576,2008,Rubi,0.000257,girl
1577,2008,Adelyn,0.000256,girl
1578,2008,Amara,0.000256,girl
1579,2008,Ayanna,0.000256,girl
1580,2008,Teresa,0.000256,girl
1581,2008,Zariah,0.000256,girl
1582,2008,Kaleigh,0.000255,girl
1583,2008,Amani,0.000255,girl
1584,2008,Carla,0.000255,girl
1585,2008,Yareli,0.000255,girl
1586,2008,Gwendolyn,0.000254,girl
1587,2008,Paulina,0.000254,girl
1588,2008,Nathalie,0.000254,girl
1589,2008,Annabella,0.000253,girl
1590,2008,Jaylin,0.000253,girl
1591,2008,Tabitha,0.000253,girl
1592,2008,Deanna,0.000253,girl
1593,2008,Madalynn,0.000252,girl
1594,2008,Journey,0.000251,girl
1595,2008,Aiyana,0.000251,girl
1596,2008,Skyla,0.00025,girl
1597,2008,Yaretzi,0.00025,girl
1598,2008,Ada,0.000249,girl
1599,2008,Liana,0.000247,girl
1600,2008,Karlee,0.000246,girl
1601,2008,Jenny,0.000245,girl
1602,2008,Myla,0.000245,girl
1603,2008,Cristina,0.000245,girl
1604,2008,Myah,0.000244,girl
1605,2008,Lisa,0.000244,girl
1606,2008,Tania,0.000243,girl
1607,2008,Isis,0.000241,girl
1608,2008,Jayleen,0.000241,girl
1609,2008,Jordin,0.000241,girl
1610,2008,Arely,0.00024,girl
1611,2008,Azul,0.00024,girl
1612,2008,Helena,0.00024,girl
1613,2008,Aryanna,0.000239,girl
1614,2008,Jaqueline,0.000239,girl
1615,2008,Lucille,0.000239,girl
1616,2008,Destinee,0.000238,girl
1617,2008,Martha,0.000238,girl
1618,2008,Zoie,0.000238,girl
1619,2008,Arielle,0.000237,girl
1620,2008,Liberty,0.000237,girl
1621,2008,Marlene,0.000237,girl
1622,2008,Elisa,0.000237,girl
1623,2008,Isla,0.000237,girl
1624,2008,Noemi,0.000237,girl
1625,2008,Raven,0.000236,girl
1626,2008,Jessie,0.000235,girl
1627,2008,Aleah,0.000235,girl
1628,2008,Kailee,0.000235,girl
1629,2008,Kaliyah,0.000235,girl
1630,2008,Lilyana,0.000235,girl
1631,2008,Haven,0.000234,girl
1632,2008,Tara,0.000234,girl
1633,2008,Giana,0.000234,girl
1634,2008,Camilla,0.000233,girl
1635,2008,Maliyah,0.000233,girl
1636,2008,Irene,0.000233,girl
1637,2008,Carley,0.000232,girl
1638,2008,Maeve,0.000232,girl
1639,2008,Lea,0.000231,girl
1640,2008,Macey,0.000231,girl
1641,2008,Sharon,0.000231,girl
1642,2008,Alisha,0.00023,girl
1643,2008,Marisa,0.00023,girl
1644,2008,Jaylene,0.00023,girl
1645,2008,Kaya,0.000229,girl
1646,2008,Scarlet,0.000229,girl
1647,2008,Siena,0.000229,girl
1648,2008,Adyson,0.000229,girl
1649,2008,Maia,0.000229,girl
1650,2008,Shiloh,0.000228,girl
1651,2008,Tiana,0.000228,girl
1652,2008,Jaycee,0.000227,girl
1653,2008,Gisselle,0.000225,girl
1654,2008,Yazmin,0.000225,girl
1655,2008,Eve,0.000225,girl
1656,2008,Shyanne,0.000225,girl
1657,2008,Arabella,0.000224,girl
1658,2008,Sherlyn,0.000224,girl
1659,2008,Sariah,0.000224,girl
1660,2008,Amiya,0.000223,girl
1661,2008,Kiersten,0.000223,girl
1662,2008,Madilynn,0.000223,girl
1663,2008,Shania,0.000223,girl
1664,2008,Aleena,0.000223,girl
1665,2008,Finley,0.000223,girl
1666,2008,Kinley,0.000222,girl
1667,2008,Kaia,0.000222,girl
1668,2008,Aliya,0.000221,girl
1669,2008,Taliyah,0.000221,girl
1670,2008,Pamela,0.00022,girl
1671,2008,Yoselin,0.000219,girl
1672,2008,Ellen,0.000218,girl
1673,2008,Carlie,0.000218,girl
1674,2008,Monserrat,0.000217,girl
1675,2008,Jakayla,0.000217,girl
1676,2008,Reyna,0.000216,girl
1677,2008,Yaritza,0.000216,girl
1678,2008,Carolyn,0.000215,girl
1679,2008,Clare,0.000215,girl
1680,2008,Lorelei,0.000215,girl
1681,2008,Paula,0.000214,girl
1682,2008,Zaria,0.000214,girl
1683,2008,Gracelyn,0.000213,girl
1684,2008,Kasey,0.000213,girl
1685,2008,Regan,0.000213,girl
1686,2008,Alena,0.000213,girl
1687,2008,Angelique,0.000213,girl
1688,2008,Regina,0.000213,girl
1689,2008,Britney,0.000212,girl
1690,2008,Emilie,0.000212,girl
1691,2008,Mariam,0.000212,girl
1692,2008,Jaylee,0.00021,girl
1693,2008,Julianne,0.00021,girl
1694,2008,Greta,0.000209,girl
1695,2008,Elyse,0.000209,girl
1696,2008,Lainey,0.000209,girl
1697,2008,Kallie,0.000208,girl
1698,2008,Felicity,0.000208,girl
1699,2008,Zion,0.000208,girl
1700,2008,Aspen,0.000207,girl
1701,2008,Carlee,0.000207,girl
1702,2008,Annalise,0.000206,girl
1703,2008,Iliana,0.000205,girl
1704,2008,Larissa,0.000205,girl
1705,2008,Akira,0.000203,girl
1706,2008,Sonia,0.000203,girl
1707,2008,Catalina,0.000203,girl
1708,2008,Phoenix,0.000203,girl
1709,2008,Joslyn,0.000202,girl
1710,2008,Anabelle,0.000202,girl
1711,2008,Mollie,0.000201,girl
1712,2008,Susan,0.000201,girl
1713,2008,Judith,2.00E-04,girl
1714,2008,Destiney,2.00E-04,girl
1715,2008,Hillary,2.00E-04,girl
1716,2008,Janet,0.000199,girl
1717,2008,Katrina,0.000199,girl
1718,2008,Mareli,0.000199,girl
1719,2008,Ansley,0.000199,girl
1720,2008,Kaylyn,0.000199,girl
1721,2008,Alexus,0.000199,girl
1722,2008,Gia,0.000199,girl
1723,2008,Maci,0.000198,girl
1724,2008,Elsa,0.000198,girl
1725,2008,Stacy,0.000198,girl
1726,2008,Kaylen,0.000197,girl
1727,2008,Carissa,0.000197,girl
1728,2008,Haleigh,0.000197,girl
1729,2008,Lorena,0.000197,girl
1730,2008,Jazlynn,0.000196,girl
1731,2008,Milagros,0.000196,girl
1732,2008,Luz,0.000196,girl
1733,2008,Leanna,0.000195,girl
1734,2008,Renee,0.000195,girl
1735,2008,Shaniya,0.000195,girl
1736,2008,Charlie,0.000194,girl
1737,2008,Abbie,0.000193,girl
1738,2008,Cailyn,0.000193,girl
1739,2008,Cherish,0.000193,girl
1740,2008,Elsie,0.000193,girl
1741,2008,Jazmyn,0.000193,girl
1742,2008,Elaine,0.000192,girl
1743,2008,Emmalee,0.000192,girl
1744,2008,Luciana,0.000192,girl
1745,2008,Dahlia,0.000191,girl
1746,2008,Jamya,0.000191,girl
1747,2008,Belinda,0.00019,girl
1748,2008,Mariyah,0.00019,girl
1749,2008,Chaya,0.000189,girl
1750,2008,Dayami,0.000189,girl
1751,2008,Rhianna,0.000189,girl
1752,2008,Yadira,0.000189,girl
1753,2008,Aryana,0.000188,girl
1754,2008,Rosemary,0.000188,girl
1755,2008,Armani,0.000187,girl
1756,2008,Cecelia,0.000187,girl
1757,2008,Celia,0.000187,girl
1758,2008,Barbara,0.000187,girl
1759,2008,Cristal,0.000187,girl
1760,2008,Eileen,0.000187,girl
1761,2008,Rayna,0.000186,girl
1762,2008,Campbell,0.000185,girl
1763,2008,Amina,0.000185,girl
1764,2008,Aisha,0.000184,girl
1765,2008,Amirah,0.000184,girl
1766,2008,Ally,0.000183,girl
1767,2008,Araceli,0.000183,girl
1768,2008,Averie,0.000183,girl
1769,2008,Mayra,0.000183,girl
1770,2008,Sanaa,0.000183,girl
1771,2008,Patience,0.000182,girl
1772,2008,Leyla,0.000182,girl
1773,2008,Selah,0.000182,girl
1774,2008,Zara,0.000182,girl
1775,2008,Chanel,0.000181,girl
1776,2008,Kaiya,0.000181,girl
1777,2008,Keyla,0.000181,girl
1778,2008,Miah,0.000181,girl
1779,2008,Aimee,0.000181,girl
1780,2008,Giovanna,0.000181,girl
1781,2008,Amelie,0.00018,girl
1782,2008,Kelsie,0.00018,girl
1783,2008,Alisson,0.00018,girl
1784,2008,Angeline,0.00018,girl
1785,2008,Dominique,0.00018,girl
1786,2008,Adrienne,0.000179,girl
1787,2008,Brisa,0.000178,girl
1788,2008,Cierra,0.000178,girl
1789,2008,Paloma,0.000178,girl
1790,2008,Isabell,0.000177,girl
1791,2008,Precious,0.000177,girl
1792,2008,Alma,0.000176,girl
1793,2008,Charity,0.000175,girl
1794,2008,Jacquelyn,0.000175,girl
1795,2008,Janae,0.000175,girl
1796,2008,Frances,0.000175,girl
1797,2008,Shyla,0.000175,girl
1798,2008,Janiah,0.000174,girl
1799,2008,Kierra,0.000173,girl
1800,2008,Karlie,0.000173,girl
1801,2008,Annabel,0.000172,girl
1802,2008,Jacey,0.000172,girl
1803,2008,Karissa,0.000172,girl
1804,2008,Jaylah,0.000172,girl
1805,2008,Xiomara,0.000172,girl
1806,2008,Edith,0.000171,girl
1807,2008,Marianna,0.000171,girl
1808,2008,Damaris,0.000171,girl
1809,2008,Deborah,0.000171,girl
1810,2008,Jaylyn,0.000171,girl
1811,2008,Evelin,0.00017,girl
1812,2008,Mara,0.00017,girl
1813,2008,Olive,0.00017,girl
1814,2008,Ayana,0.000169,girl
1815,2008,India,0.000169,girl
1816,2008,Kendal,0.000169,girl
1817,2008,Kayley,0.000169,girl
1818,2008,Tamara,0.000168,girl
1819,2008,Briley,0.000168,girl
1820,2008,Charlee,0.000168,girl
1821,2008,Nylah,0.000168,girl
1822,2008,Abbey,0.000167,girl
1823,2008,Moriah,0.000167,girl
1824,2008,Saige,0.000166,girl
1825,2008,Savanah,0.000166,girl
1826,2008,Giada,0.000166,girl
1827,2008,Hana,0.000166,girl
1828,2008,Lizeth,0.000165,girl
1829,2008,Matilda,0.000165,girl
1830,2008,Ann,0.000164,girl
1831,2008,Jazlene,0.000164,girl
1832,2008,Gillian,0.000164,girl
1833,2008,Beatrice,0.000163,girl
1834,2008,Ireland,0.000163,girl
1835,2008,Karly,0.000163,girl
1836,2008,Mylie,0.000163,girl
1837,2008,Yasmine,0.000163,girl
1838,2008,Ashly,0.000162,girl
1839,2008,Kenna,0.000162,girl
1840,2008,Maleah,0.000162,girl
1841,2008,Corinne,0.000162,girl
1842,2008,Keely,0.000162,girl
1843,2008,Tanya,0.000162,girl
1844,2008,Tianna,0.000161,girl
1845,2008,Adalynn,0.00016,girl
1846,2008,Ryann,0.00016,girl
1847,2008,Salma,0.00016,girl
1848,2008,Areli,0.000159,girl
1849,2008,Karma,0.000159,girl
1850,2008,Shyann,0.000159,girl
1851,2008,Kaley,0.000159,girl
1852,2008,Theresa,0.000159,girl
1853,2008,Evie,0.000158,girl
1854,2008,Gina,0.000158,girl
1855,2008,Roselyn,0.000158,girl
1856,2008,Kaila,0.000157,girl
1857,2008,Jaylen,0.000157,girl
1858,2008,Natalya,0.000157,girl
1859,2008,Meadow,0.000156,girl
1860,2008,Rayne,0.000156,girl
1861,2008,Aliza,0.000155,girl
1862,2008,Yuliana,0.000155,girl
1863,2008,June,0.000155,girl
1864,2008,Lilianna,0.000155,girl
1865,2008,Nathaly,0.000155,girl
1866,2008,Ali,0.000154,girl
1867,2008,Alisa,0.000154,girl
1868,2008,Aracely,0.000154,girl
1869,2008,Belen,0.000154,girl
1870,2008,Tess,0.000154,girl
1871,2008,Jocelynn,0.000154,girl
1872,2008,Litzy,0.000154,girl
1873,2008,Makena,0.000154,girl
1874,2008,Abagail,0.000153,girl
1875,2008,Giuliana,0.000152,girl
1876,2008,Joyce,0.000152,girl
1877,2008,Libby,0.000152,girl
1878,2008,Lillianna,0.000152,girl
1879,2008,Thalia,0.000152,girl
1880,2008,Tia,0.000152,girl
1881,2008,Sarahi,0.000152,girl
1882,2008,Zaniyah,0.000152,girl
1883,2008,Kristin,0.000151,girl
1884,2008,Lorelai,0.000151,girl
1885,2008,Mattie,0.000151,girl
1886,2008,Taniya,0.000151,girl
1887,2008,Jaslyn,0.000151,girl
1888,2008,Gemma,0.00015,girl
1889,2008,Valery,0.00015,girl
1890,2008,Lailah,0.00015,girl
1891,2008,Mckinley,0.00015,girl
1892,2008,Micah,0.00015,girl
1893,2008,Deja,0.000149,girl
1894,2008,Frida,0.000149,girl
1895,2008,Brynlee,0.000149,girl
1896,2008,Jewel,0.000149,girl
1897,2008,Krista,0.000149,girl
1898,2008,Mira,0.000149,girl
1899,2008,Yamilet,0.000149,girl
1900,2008,Adison,0.000148,girl
1901,2008,Carina,0.000148,girl
1902,2008,Karli,0.000147,girl
1903,2008,Magdalena,0.000147,girl
1904,2008,Stephany,0.000147,girl
1905,2008,Charlize,0.000146,girl
1906,2008,Raelynn,0.000146,girl
1907,2008,Aliana,0.000146,girl
1908,2008,Cassie,0.000146,girl
1909,2008,Mina,0.000146,girl
1910,2008,Karley,0.000145,girl
1911,2008,Shirley,0.000145,girl
1912,2008,Marlie,0.000145,girl
1913,2008,Alani,0.000144,girl
1914,2008,Taniyah,0.000144,girl
1915,2008,Cloe,0.000144,girl
1916,2008,Sanai,0.000144,girl
1917,2008,Lina,0.000144,girl
1918,2008,Nola,0.000144,girl
1919,2008,Anabella,0.000143,girl
1920,2008,Dalia,0.000143,girl
1921,2008,Raina,0.000143,girl
1922,2008,Mariela,0.000143,girl
1923,2008,Ariella,0.000142,girl
1924,2008,Bria,0.000142,girl
1925,2008,Kamari,0.000142,girl
1926,2008,Monique,0.000142,girl
1927,2008,Ashleigh,0.000142,girl
1928,2008,Reina,0.000142,girl
1929,2008,Alia,0.000141,girl
1930,2008,Ashanti,0.000141,girl
1931,2008,Lara,0.000141,girl
1932,2008,Lilia,0.000141,girl
1933,2008,Justine,0.000141,girl
1934,2008,Leia,0.000141,girl
1935,2008,Maribel,0.000141,girl
1936,2008,Abigayle,0.00014,girl
1937,2008,Tiara,0.00014,girl
1938,2008,Alannah,0.00014,girl
1939,2008,Princess,0.00014,girl
1940,2008,Sydnee,0.00014,girl
1941,2008,Kamora,0.000139,girl
1942,2008,Paityn,0.000139,girl
1943,2008,Payten,0.000139,girl
1944,2008,Naima,0.000139,girl
1945,2008,Gretchen,0.000137,girl
1946,2008,Heidy,0.000137,girl
1947,2008,Nyasia,0.000137,girl
1948,2008,Livia,0.000137,girl
1949,2008,Marin,0.000137,girl
1950,2008,Shaylee,0.000137,girl
1951,2008,Maryjane,0.000136,girl
1952,2008,Laci,0.000136,girl
1953,2008,Nathalia,0.000136,girl
1954,2008,Azaria,0.000135,girl
1955,2008,Anabel,0.000135,girl
1956,2008,Chasity,0.000135,girl
1957,2008,Emmy,0.000135,girl
1958,2008,Izabelle,0.000135,girl
1959,2008,Denisse,0.000134,girl
1960,2008,Emelia,0.000134,girl
1961,2008,Mireya,0.000134,girl
1962,2008,Shea,0.000134,girl
1963,2008,Amiah,0.000134,girl
1964,2008,Dixie,0.000134,girl
1965,2008,Maren,0.000134,girl
1966,2008,Averi,0.000133,girl
1967,2008,Esperanza,0.000133,girl
1968,2008,Micaela,0.000133,girl
1969,2008,Selina,0.000133,girl
1970,2008,Alyvia,0.000133,girl
1971,2008,Chana,0.000133,girl
1972,2008,Avah,0.000132,girl
1973,2008,Donna,0.000132,girl
1974,2008,Kaylah,0.000132,girl
1975,2008,Ashtyn,0.000131,girl
1976,2008,Karsyn,0.000131,girl
1977,2008,Makaila,0.000131,girl
1978,2008,Shayna,0.000131,girl
1979,2008,Essence,0.000131,girl
1980,2008,Leticia,0.00013,girl
1981,2008,Miya,0.00013,girl
1982,2008,Rory,0.00013,girl
1983,2008,Desirae,0.00013,girl
1984,2008,Kianna,0.00013,girl
1985,2008,Laurel,0.00013,girl
1986,2008,Neveah,0.00013,girl
1987,2008,Amaris,0.000129,girl
1988,2008,Hadassah,0.000129,girl
1989,2008,Dania,0.000129,girl
1990,2008,Hailie,0.000129,girl
1991,2008,Jamiya,0.000129,girl
1992,2008,Kathy,0.000129,girl
1993,2008,Laylah,0.000129,girl
1994,2008,Riya,0.000129,girl
1995,2008,Diya,0.000128,girl
1996,2008,Carleigh,0.000128,girl
1997,2008,Iyana,0.000128,girl
1998,2008,Kenley,0.000127,girl
1999,2008,Sloane,0.000127,girl
2000,2008,Elianna,0.000127,girl